{
 "version": "2.2.4",
 "songName": "Remnants!",
 "artist": "MarkedAman",
 "charter": "RhysRJJ + Plush + Sammy The Goog",
 "divisions": 96,
 "looped": false,
 "offsets": {
  "instrumental": 0,
  "altInstrumentals": {  },
  "vocals": {  },
  "altVocals": {  }
 },
 "playData": {
  "songVariations": [
   "pico",
   "erect"
  ],
  "difficulties": [
   "easy",
   "normal",
   "hard"
  ],
  "characters": {
   "player": "bf-default-remnants",
   "girlfriend": "podium-girls",
   "opponent": "bf-remnants-opponent",
   "instrumental": "",
   "altInstrumentals": [
    "pico",
    "pico"
   ],
   "opponentVocals": [
    "bf-remnants-opponent"
   ],
   "playerVocals": [
    "bf-default-remnants"
   ]
  },
  "stage": "sketchRemnants",
  "noteStyle": "funkin",
  "ratings": {
   "easy": 5,
   "hard": 7,
   "normal": 6
  },
  "album": "remnants-general",
  "previewStart": 0,
  "previewEnd": 14000
 },
 "generatedBy": "Friday Night Funkin' - v0.7.5 (develop : 5b5d76a) PROTOTYPE",
 "timeFormat": "ms",
 "timeChanges": [
  {
   "t": 0,
   "b": 0,
   "bpm": 140,
   "n": 4,
   "d": 4,
   "bt": [4, 4, 4, 4]
  }
 ]
}