{
 "version": "2.2.4",
 "songName": "Remnants! (Pico Mix)",
 "artist": "LunarzNova",
 "charter": "TRWario",
 "divisions": 96,
 "looped": false,
 "offsets": {
  "instrumental": 0,
  "altInstrumentals": {  },
  "vocals": {  },
  "altVocals": {  }
 },
 "playData": {
  "songVariations": [],
  "difficulties": [
   "easy",
   "normal",
   "hard"
  ],
  "characters": {
   "player": "pico-default-remnants",
   "girlfriend": "podium-ladies",
   "opponent": "pico-remnants",
   "instrumental": "pico",
   "altInstrumentals": [
    ""
   ],
   "opponentVocals": [
    "pico-remnants"
   ],
   "playerVocals": [
    "pico-default-remnants"
   ]
  },
  "stage": "sketchRemnantsPico",
  "noteStyle": "funkin",
  "ratings": {
   "easy": 4,
   "normal": 5,
   "hard": 6
  },
  "album": "remnants-pico",
  "previewStart": 0,
  "previewEnd": 14000
 },
 "generatedBy": "Friday Night Funkin' - v0.7.5 (develop : 5b5d76a) PROTOTYPE",
 "timeFormat": "ms",
 "timeChanges": [
  {
   "t": 0,
   "b": 0,
   "bpm": 140,
   "n": 4,
   "d": 4,
   "bt": [4, 4, 4, 4]
  }
 ]
}